"network_size","iteration","igraph","network","ggnet2","geomnet","ggnetwork"
100,51,0.915999999999258,2.05600000000049,0.480999999999767,0.990999999999985,0.514000000001033
100,52,0.872999999999593,2.16700000000128,0.462999999999738,1.00200000000041,0.601000000000568
100,53,0.930000000000291,2.13100000000122,0.477999999999156,0.98700000000099,0.516999999999825
100,54,0.887000000000626,2.12299999999959,0.470999999999549,1.00799999999981,0.530000000000655
100,55,0.909999999999854,2.23700000000099,0.472000000001572,0.98700000000099,0.523999999999432
100,56,0.923999999999069,2.09599999999955,0.47400000000016,1.00200000000041,0.511999999998807
100,57,0.89600000000064,2.19599999999991,0.483000000000175,0.992000000000189,0.528000000000247
100,58,0.907000000001062,2.17400000000089,0.479999999999563,1.00200000000041,0.513999999999214
100,59,0.84900000000016,2.14999999999964,0.471000000001368,1.003999999999,0.494999999998981
100,60,0.891999999999825,2.14700000000084,0.475999999998749,1.05600000000049,0.492000000000189
