"network_size","iteration","igraph","network","ggnet2","geomnet","ggnetwork"
175,1,2.26299999999992,12.155,0.932000000000016,3.04500000000007,0.996000000000095
175,2,2.18099999999981,12.8809999999999,0.944999999999936,3.12300000000005,0.961999999999989
175,3,2.25,12.4000000000001,0.972999999999956,3.202,0.974999999999909
175,4,2.18299999999999,12.0159999999998,0.954999999999927,3.12899999999991,1.00800000000004
175,5,2.17699999999991,12.221,0.938000000000102,3.12900000000013,0.962999999999965
175,6,2.17599999999993,12.2180000000001,0.948999999999842,3.10299999999984,1.01999999999998
175,7,2.15200000000004,12.1289999999999,0.940999999999804,3.09999999999991,1.01999999999998
175,8,2.18899999999985,12.136,0.93100000000004,3.0920000000001,1.00899999999979
175,9,2.16199999999981,12.0349999999999,0.974999999999909,2.98199999999997,0.981999999999971
175,10,2.11700000000019,12.05,0.941000000000031,3.02999999999997,0.970000000000027
