"network_size","iteration","igraph","network","ggnet2","geomnet","ggnetwork"
175,21,2.33599999999933,12.3630000000003,0.947000000000116,3.11799999999948,1.08500000000004
175,22,2.29199999999946,12.4669999999996,0.946999999999207,3.13000000000011,0.971999999999753
175,23,2.17299999999977,11.9470000000001,0.938000000000102,3.03600000000006,0.973999999999251
175,24,2.14500000000044,12.4609999999993,0.960999999999331,3.09400000000005,1.0019999999995
175,25,2.1869999999999,12.3539999999994,0.954999999999927,3.16700000000037,1.02100000000064
175,26,2.15800000000036,12.3580000000002,0.958999999999833,3.24000000000069,0.970000000000255
175,27,2.19799999999941,12.4839999999995,0.981999999999971,3.12700000000041,0.988999999999578
175,28,2.1840000000002,12.6329999999998,0.931999999999789,3.08399999999983,0.970000000000255
175,29,2.23700000000008,12.0150000000003,0.943999999999505,3.07299999999941,0.971999999999753
175,30,2.21100000000024,12.4580000000005,0.958999999999833,3.10400000000027,1.00600000000031
